Id_inflacion,año,mes,Nivel general,Inflación Mensual,Calc Aux,Calc Aux,Inflacion_Acumulada_Anual
1,1943,1,10,Null,Null,,
2,1943,2,10,-0.58,0.9942,,
3,1943,3,10,1.58,1.0158,,
4,1943,4,10,0.66,1.0066,,
5,1943,5,10,-0.87,0.9913,,
6,1943,6,10,0.11,1.0011,,
7,1943,7,9,-5.64,0.9436,,
8,1943,8,9,1.04,1.0104,,
9,1943,9,9,-0.92,0.9908,,
10,1943,10,9,1.04,1.0104,,
11,1943,11,9,0,1,,
12,1943,12,9,-0.32,0.9968,0.960,-4.0%
13,1944,1,9,0.7,1.007,,
14,1944,2,9,0.2,1.002,,
15,1944,3,10,0.64,1.0064,,
16,1944,4,9,-1.12,0.9888,,
17,1944,5,9,-0.41,0.9959,,
18,1944,6,10,1.82,1.0182,,
19,1944,7,10,-0.09,0.9991,,
20,1944,8,10,1.42,1.0142,,
21,1944,9,10,-0.2,0.998,,
22,1944,10,10,0.68,1.0068,,
23,1944,11,10,0,1,,
24,1944,12,10,0.2,1.002,1.039,3.9%
25,1945,1,11,7.79,1.0779,,
26,1945,2,11,1.91,1.0191,,
27,1945,3,12,7.45,1.0745,,
28,1945,4,12,0.09,1.0009,,
29,1945,5,12,0.35,1.0035,,
30,1945,6,12,0.05,1.0005,,
31,1945,7,12,1.17,1.0117,,
32,1945,8,12,-0.9,0.991,,
33,1945,9,12,0.58,1.0058,,
34,1945,10,12,0.08,1.0008,,
35,1945,11,12,0.18,1.0018,,
36,1945,12,12,2.2,1.022,1.226,22.6%
37,1946,1,13,7.02,1.0702,,
38,1946,2,13,0.15,1.0015,,
39,1946,3,13,2.93,1.0293,,
40,1946,4,13,1.73,1.0173,,
41,1946,5,13,-0.27,0.9973,,
42,1946,6,14,1.7,1.017,,
43,1946,7,14,0.22,1.0022,,
44,1946,8,14,-0.7,0.993,,
45,1946,9,14,0.14,1.0014,,
46,1946,10,14,2.47,1.0247,,
47,1946,11,14,0.43,1.0043,,
48,1946,12,14,1.71,1.0171,1.187,18.7%
49,1947,1,14,-0.86,0.9914,,
50,1947,2,14,0.68,1.0068,,
51,1947,3,15,6.11,1.0611,,
52,1947,4,15,0.06,1.0006,,
53,1947,5,15,0.11,1.0011,,
54,1947,6,16,4.67,1.0467,,
55,1947,7,16,-1.1,0.989,,
56,1947,8,16,0.92,1.0092,,
57,1947,9,16,0.12,1.0012,,
58,1947,10,16,-0.55,0.9945,,
59,1947,11,16,0.93,1.0093,,
60,1947,12,16,3.17,1.0317,1.149,14.9%
61,1948,1,16,-1.61,0.9839,,
62,1948,2,16,-0.29,0.9971,,
63,1948,3,16,1.81,1.0181,,
64,1948,4,16,0.59,1.0059,,
65,1948,5,17,2.47,1.0247,,
66,1948,6,17,2.86,1.0286,,
67,1948,7,17,-0.22,0.9978,,
68,1948,8,18,2.06,1.0206,,
69,1948,9,18,4.1,1.041,,
70,1948,10,18,0.31,1.0031,,
71,1948,11,18,0.22,1.0022,,
72,1948,12,19,5.33,1.0533,1.189,18.9%
73,1949,1,20,0.55,1.0055,,
74,1949,2,19,-0.25,0.9975,,
75,1949,3,21,6.82,1.0682,,
76,1949,4,22,4.86,1.0486,,
77,1949,5,22,2.91,1.0291,,
78,1949,6,23,1.17,1.0117,,
79,1949,7,23,1.85,1.0185,,
80,1949,8,24,1.71,1.0171,,
81,1949,9,24,1.57,1.0157,,
82,1949,10,25,2.73,1.0273,,
83,1949,11,25,3.22,1.0322,,
84,1949,12,26,2.43,1.0243,1.337,33.7%
85,1950,1,25,-1.78,0.9822,,
86,1950,2,26,2.6,1.026,,
87,1950,3,26,0.03,1.0003,,
88,1950,4,27,2.17,1.0217,,
89,1950,5,28,4.76,1.0476,,
90,1950,6,29,2.86,1.0286,,
91,1950,7,29,0.03,1.0003,,
92,1950,8,29,0.2,1.002,,
93,1950,9,30,3.96,1.0396,,
94,1950,10,31,3.79,1.0379,,
95,1950,11,31,-0.22,0.9978,,
96,1950,12,32,1.95,1.0195,1.221,22.1%
97,1951,1,31,-0.97,0.9903,,
98,1951,2,32,2.95,1.0295,,
99,1951,3,32,0.3,1.003,,
100,1951,4,35,9.03,1.0903,,
101,1951,5,38,7.46,1.0746,,
102,1951,6,39,3.32,1.0332,,
103,1951,7,40,0.76,1.0076,,
104,1951,8,43,9.26,1.0926,,
105,1951,9,42,-1.9,0.981,,
106,1951,10,44,3.05,1.0305,,
107,1951,11,44,0.33,1.0033,,
108,1951,12,48,8.68,1.0868,1.502,50.2%
109,1952,1,49,3.91,1.0391,,
110,1952,2,50,0.74,1.0074,,
111,1952,3,51,2.92,1.0292,,
112,1952,4,54,6.25,1.0625,,
113,1952,5,55,1.57,1.0157,,
114,1952,6,56,2.07,1.0207,,
115,1952,7,54,-4.09,0.9591,,
116,1952,8,54,-0.41,0.9959,,
117,1952,9,56,3.36,1.0336,,
118,1952,10,56,1.02,1.0102,,
119,1952,11,56,0.25,1.0025,,
120,1952,12,57,0.36,1.0036,1.191,19.1%
121,1953,1,56,-1.28,0.9872,,
122,1953,2,59,5.81,1.0581,,
123,1953,3,59,-0.47,0.9953,,
124,1953,4,56,-4.2,0.958,,
125,1953,5,55,-1.62,0.9838,,
126,1953,6,55,-0.17,0.9983,,
127,1953,7,56,0.78,1.0078,,
128,1953,8,56,0.08,1.0008,,
129,1953,9,55,-0.69,0.9931,,
130,1953,10,55,-0.43,0.9957,,
131,1953,11,56,0.72,1.0072,,
132,1953,12,56,1.05,1.0105,0.993,-0.7%
133,1954,1,55,-1.97,0.9803,,
134,1954,2,55,-0.23,0.9977,,
135,1954,3,55,0.16,1.0016,,
136,1954,4,56,2.06,1.0206,,
137,1954,5,56,-0.19,0.9981,,
138,1954,6,57,1.58,1.0158,,
139,1954,7,58,2.23,1.0223,,
140,1954,8,59,0.71,1.0071,,
141,1954,9,60,2.43,1.0243,,
142,1954,10,62,2.89,1.0289,,
143,1954,11,62,1.02,1.0102,,
144,1954,12,65,4.4,1.044,1.160,16.0%
145,1955,1,64,-2.18,0.9782,,
146,1955,2,64,0.14,1.0014,,
147,1955,3,64,0.14,1.0014,,
148,1955,4,65,1.44,1.0144,,
149,1955,5,65,0.13,1.0013,,
150,1955,6,65,0.59,1.0059,,
151,1955,7,66,0.44,1.0044,,
152,1955,8,66,0.34,1.0034,,
153,1955,9,66,0.68,1.0068,,
154,1955,10,66,-0.09,0.9991,,
155,1955,11,66,0.04,1.0004,,
156,1955,12,70,5.73,1.0573,1.075,7.5%
157,1956,1,69,-1.3,0.987,,
158,1956,2,69,-0.77,0.9923,,
159,1956,3,69,-0.15,0.9985,,
160,1956,4,71,3.52,1.0352,,
161,1956,5,74,3.84,1.0384,,
162,1956,6,77,3.88,1.0388,,
163,1956,7,76,-0.52,0.9948,,
164,1956,8,76,-0.48,0.9952,,
165,1956,9,76,0.55,1.0055,,
166,1956,10,77,1.28,1.0128,,
167,1956,11,78,1.55,1.0155,,
168,1956,12,82,4.36,1.0436,1.167,16.7%
169,1957,1,81,-1.11,0.9889,,
170,1957,2,82,0.76,1.0076,,
171,1957,3,84,3.65,1.0365,,
172,1957,4,87,2.68,1.0268,,
173,1957,5,89,2.8,1.028,,
174,1957,6,93,3.84,1.0384,,
175,1957,7,94,1.84,1.0184,,
176,1957,8,99,5.37,1.0537,,
177,1957,9,99,-0.22,0.9978,,
178,1957,10,100,1.06,1.0106,,
179,1957,11,103,2.52,1.0252,,
180,1957,12,103,0.04,1.0004,1.256,25.6%
181,1958,1,100,-2.65,0.9735,,
182,1958,2,101,1.38,1.0138,,
183,1958,3,103,1.65,1.0165,,
184,1958,4,108,4.32,1.0432,,
185,1958,5,115,6.45,1.0645,,
186,1958,6,120,4.41,1.0441,,
187,1958,7,124,3.63,1.0363,,
188,1958,8,130,4.64,1.0464,,
189,1958,9,132,1.91,1.0191,,
190,1958,10,136,2.97,1.0297,,
191,1958,11,143,5.08,1.0508,,
192,1958,12,155,8.36,1.0836,1.507,50.7%
193,1959,1,182,17.76,1.1776,,
194,1959,2,199,9.08,1.0908,,
195,1959,3,214,7.34,1.0734,,
196,1959,4,231,8.27,1.0827,,
197,1959,5,255,10.43,1.1043,,
198,1959,6,272,6.32,1.0632,,
199,1959,7,280,3.06,1.0306,,
200,1959,8,290,3.78,1.0378,,
201,1959,9,296,1.77,1.0177,,
202,1959,10,297,0.62,1.0062,,
203,1959,11,304,2.09,1.0209,,
204,1959,12,312,2.88,1.0288,2.016,101.6%
205,1960,1,321,2.74,1.0274,,
206,1960,2,324,0.82,1.0082,,
207,1960,3,326,0.71,1.0071,,
208,1960,4,326,-0.1,0.999,,
209,1960,5,325,-0.2,0.998,,
210,1960,6,323,-0.51,0.9949,,
211,1960,7,326,0.92,1.0092,,
212,1960,8,328,0.51,1.0051,,
213,1960,9,328,0.1,1.001,,
214,1960,10,331,0.81,1.0081,,
215,1960,11,339,2.5,1.025,,
216,1960,12,370,9.16,1.0916,1.185,18.5%
217,1961,1,348,-6.07,0.9393,,
218,1961,2,352,1.24,1.0124,,
219,1961,3,356,1.13,1.0113,,
220,1961,4,364,2.23,1.0223,,
221,1961,5,367,0.73,1.0073,,
222,1961,6,372,1.35,1.0135,,
223,1961,7,377,1.51,1.0151,,
224,1961,8,380,0.79,1.0079,,
225,1961,9,384,1.04,1.0104,,
226,1961,10,384,0.09,1.0009,,
227,1961,11,397,3.18,1.0318,,
228,1961,12,431,8.67,1.0867,1.164,16.4%
229,1962,1,414,-3.99,0.9601,,
230,1962,2,420,1.44,1.0144,,
231,1962,3,426,1.57,1.0157,,
232,1962,4,440,3.26,1.0326,,
233,1962,5,455,3.45,1.0345,,
234,1962,6,462,1.45,1.0145,,
235,1962,7,483,4.51,1.0451,,
236,1962,8,489,1.3,1.013,,
237,1962,9,507,3.7,1.037,,
238,1962,10,516,1.71,1.0171,,
239,1962,11,513,-0.51,0.9949,,
240,1962,12,563,9.72,1.0972,1.307,30.7%
241,1963,1,540,-4.11,0.9589,,
242,1963,2,545,0.92,1.0092,,
243,1963,3,571,4.73,1.0473,,
244,1963,4,580,1.56,1.0156,,
245,1963,5,580,0,1,,
246,1963,6,586,1.14,1.0114,,
247,1963,7,595,1.52,1.0152,,
248,1963,8,598,0.44,1.0044,,
249,1963,9,607,1.55,1.0155,,
250,1963,10,626,3.1,1.031,,
251,1963,11,642,2.53,1.0253,,
252,1963,12,697,8.65,1.0865,1.238,23.8%
253,1964,1,694,-0.47,0.9953,,
254,1964,2,689,-0.76,0.9924,,
255,1964,3,687,-0.29,0.9971,,
256,1964,4,713,3.85,1.0385,,
257,1964,5,714,0.14,1.0014,,
258,1964,6,724,1.39,1.0139,,
259,1964,7,727,0.37,1.0037,,
260,1964,8,723,-0.5,0.995,,
261,1964,9,731,1.1,1.011,,
262,1964,10,760,3.93,1.0393,,
263,1964,11,769,1.13,1.0113,,
264,1964,12,824,7.18,1.0718,1.181,18.1%
265,1965,1,793,-3.69,0.9631,,
266,1965,2,832,4.83,1.0483,,
267,1965,3,852,2.42,1.0242,,
268,1965,4,861,1.05,1.0105,,
269,1965,5,879,2.15,1.0215,,
270,1965,6,915,4.02,1.0402,,
271,1965,7,955,4.37,1.0437,,
272,1965,8,976,2.22,1.0222,,
273,1965,9,990,1.49,1.0149,,
274,1965,10,1.015.784,2.57,1.0257,,
275,1965,11,1.052.475,3.61,1.0361,,
276,1965,12,1.138.417,8.17,1.0817,1.382,38.2%
277,1966,1,1.112.635,-2.26,0.9774,,
278,1966,2,1.137.096,2.2,1.022,,
279,1966,3,1.161.887,2.18,1.0218,,
280,1966,4,1.186.018,2.08,1.0208,,
281,1966,5,1.198.248,1.03,1.0103,,
282,1966,6,1.208.495,0.86,1.0086,,
283,1966,7,1.227.667,1.59,1.0159,,
284,1966,8,1.241.880,1.16,1.0116,,
285,1966,9,1.260.723,1.52,1.0152,,
286,1966,10,1.301.050,3.2,1.032,,
287,1966,11,1.331.461,2.34,1.0234,,
288,1966,12,1.479.216,11.1,1.111,1.300,30.0%
289,1967,1,1.409.796,-4.69,0.9531,,
290,1967,2,1.439.886,2.13,1.0213,,
291,1967,3,1.471.616,2.2,1.022,,
292,1967,4,1.489.464,1.21,1.0121,,
293,1967,5,1.503.674,0.95,1.0095,,
294,1967,6,1.569.132,4.35,1.0435,,
295,1967,7,1.647.473,4.99,1.0499,,
296,1967,8,1.653.079,0.34,1.0034,,
297,1967,9,1.660.684,0.46,1.0046,,
298,1967,10,1.708.294,2.87,1.0287,,
299,1967,11,1.747.628,2.3,1.023,,
300,1967,12,1.883.808,7.79,1.0779,1.273,27.3%
301,1968,1,1.819.021,-3.44,0.9656,,
302,1968,2,1.836.869,0.98,1.0098,,
303,1968,3,1.824.970,-0.65,0.9935,,
304,1968,4,1.817.366,-0.42,0.9958,,
305,1968,5,1.819.349,0.11,1.0011,,
306,1968,6,1.825.656,0.35,1.0035,,
307,1968,7,1.824.642,-0.06,0.9994,,
308,1968,8,1.827.625,0.16,1.0016,,
309,1968,9,1.853.077,1.39,1.0139,,
310,1968,10,1.889.430,1.96,1.0196,,
311,1968,11,1.895.707,0.33,1.0033,,
312,1968,12,2.063.960,8.88,1.0888,1.095,9.5%
313,1969,1,1.968.755,-4.61,0.9539,,
314,1969,2,1.942.318,-1.34,0.9866,,
315,1969,3,1.964.132,1.12,1.0112,,
316,1969,4,1.966.116,0.1,1.001,,
317,1969,5,1.939.008,-1.38,0.9862,,
318,1969,6,1.958.183,0.99,1.0099,,
319,1969,7,1.984.292,1.33,1.0133,,
320,1969,8,1.969.426,-0.75,0.9925,,
321,1969,9,2.006.121,1.86,1.0186,,
322,1969,10,2.036.524,1.52,1.0152,,
323,1969,11,2.051.062,0.71,1.0071,,
324,1969,12,2.201.467,7.33,1.0733,1.067,6.7%
325,1970,1,2.097.673,-4.71,0.9529,,
326,1970,2,2.126.108,1.36,1.0136,,
327,1970,3,2.153.544,1.29,1.0129,,
328,1970,4,2.170.065,0.77,1.0077,,
329,1970,5,2.186.109,0.74,1.0074,,
330,1970,6,2.202.138,0.73,1.0073,,
331,1970,7,2.229.231,1.23,1.0123,,
332,1970,8,2.254.355,1.13,1.0113,,
333,1970,9,2.300.310,2.04,1.0204,,
334,1970,10,2.391.534,3.97,1.0397,,
335,1970,11,2.453.354,2.58,1.0258,,
336,1970,12,2.680.116,9.24,1.0924,1.218,21.8%
337,1971,1,2.672.512,-0.28,0.9972,,
338,1971,2,2.761.753,3.34,1.0334,,
339,1971,3,2.790.844,1.05,1.0105,,
340,1971,4,2.815.968,0.9,1.009,,
341,1971,5,2.884.394,2.43,1.0243,,
342,1971,6,2.974.305,3.12,1.0312,,
343,1971,7,3.102.225,4.3,1.043,,
344,1971,8,3.183.533,2.62,1.0262,,
345,1971,9,3.212.296,0.9,1.009,,
346,1971,10,3.245.338,1.03,1.0103,,
347,1971,11,3.332.953,2.7,1.027,,
348,1971,12,3.728.625,11.87,1.1187,1.391,39.1%
349,1972,1,3.922.986,5.21,1.0521,,
350,1972,2,4.064.713,3.61,1.0361,,
351,1972,3,4.236.679,4.23,1.0423,,
352,1972,4,4.443.267,4.88,1.0488,,
353,1972,5,4.514.675,1.61,1.0161,,
354,1972,6,4.762.909,5.5,1.055,,
355,1972,7,4.999.259,4.96,1.0496,,
356,1972,8,4.992.981,-0.13,0.9987,,
357,1972,9,5.115.279,2.45,1.0245,,
358,1972,10,5.362.857,4.84,1.0484,,
359,1972,11,5.624.332,4.88,1.0488,,
360,1972,12,6.120.487,8.82,1.0882,1.641,64.1%
361,1973,1,6.403.433,4.62,1.0462,,
362,1973,2,6.888.032,7.57,1.0757,,
363,1973,3,7.479.720,8.59,1.0859,,
364,1973,4,7.813.900,4.47,1.0447,,
365,1973,5,8.084.291,3.46,1.0346,,
366,1973,6,7.846.957,-2.94,0.9706,,
367,1973,7,7.846.301,-0.01,0.9999,,
368,1973,8,7.909.105,0.8,1.008,,
369,1973,9,7.950.423,0.52,1.0052,,
370,1973,10,8.073.720,1.55,1.0155,,
371,1973,11,8.137.836,0.79,1.0079,,
372,1973,12,8.799.261,8.13,1.0813,1.438,43.8%
373,1974,1,8.295.890,-5.72,0.9428,,
374,1974,2,8.425.747,1.57,1.0157,,
375,1974,3,8.525.903,1.19,1.0119,,
376,1974,4,8.767.859,2.84,1.0284,,
377,1974,5,9.059.752,3.33,1.0333,,
378,1974,6,9.406.829,3.83,1.0383,,
379,1974,7,9.622.737,2.3,1.023,,
380,1974,8,9.801.502,1.86,1.0186,,
381,1974,9,10.125.453,3.31,1.0331,,
382,1974,10,10.508.226,3.78,1.0378,,
383,1974,11,10.942.889,4.14,1.0414,,
384,1974,12,12.327.903,12.66,1.1266,1.401,40.1%
385,1975,1,12.684.270,2.89,1.0289,,
386,1975,2,13.269.964,4.62,1.0462,,
387,1975,3,14.346.221,8.11,1.0811,,
388,1975,4,15.737.543,9.7,1.097,,
389,1975,5,16.349.629,3.89,1.0389,,
390,1975,6,19.805.939,21.14,1.2114,,
391,1975,7,26.685.308,34.73,1.3473,,
392,1975,8,32.681.961,22.47,1.2247,,
393,1975,9,36.213.869,10.81,1.1081,,
394,1975,10,41.209.116,13.79,1.1379,,
395,1975,11,44.898.780,8.95,1.0895,,
396,1975,12,53.621.415,19.43,1.1943,4.350,335.0%
397,1976,1,58.393.449,8.9,1.089,,
398,1976,2,69.479.585,18.99,1.1899,,
399,1976,3,95.583.822,37.57,1.3757,,
400,1976,4,128.008.722,33.92,1.3392,,
401,1976,5,143.487.563,12.09,1.1209,,
402,1976,6,147.407.597,2.73,1.0273,,
403,1976,7,153.658.180,4.24,1.0424,,
404,1976,8,162.131.955,5.51,1.0551,,
405,1976,9,179.246.505,10.56,1.1056,,
406,1976,10,194.410.730,8.46,1.0846,,
407,1976,11,209.873.170,7.95,1.0795,,
408,1976,12,239.982.431,14.35,1.1435,4.475,347.5%
409,1977,1,259.259.039,8.03,1.0803,,
410,1977,2,280.660.427,8.25,1.0825,,
411,1977,3,301.839.645,7.55,1.0755,,
412,1977,4,320,6.01,1.0601,,
413,1977,5,341,6.5,1.065,,
414,1977,6,367,7.65,1.0765,,
415,1977,7,394,7.35,1.0735,,
416,1977,8,438,11.34,1.1134,,
417,1977,9,475,8.3,1.083,,
418,1977,10,534,12.49,1.1249,,
419,1977,11,582,9.04,1.0904,,
420,1977,12,625,7.31,1.0731,2.604,160.4%
421,1978,1,708,13.36,1.1336,,
422,1978,2,752,6.2,1.062,,
423,1978,3,824,9.49,1.0949,,
424,1978,4,915,11.07,1.1107,,
425,1978,5,995,8.69,1.0869,,
426,1978,6,1,6.49,1.0649,,
427,1978,7,1,6.6,1.066,,
428,1978,8,1,7.81,1.0781,,
429,1978,9,1,6.39,1.0639,,
430,1978,10,1,9.76,1.0976,,
431,1978,11,2,8.79,1.0879,,
432,1978,12,2,9.06,1.0906,2.698,169.8%
433,1979,1,2,12.77,1.1277,,
434,1979,2,2,7.44,1.0744,,
435,1979,3,2,7.75,1.0775,,
436,1979,4,2,7,1.07,,
437,1979,5,3,6.92,1.0692,,
438,1979,6,3,9.7,1.097,,
439,1979,7,3,7.15,1.0715,,
440,1979,8,3,11.45,1.1145,,
441,1979,9,4,6.85,1.0685,,
442,1979,10,4,4.34,1.0434,,
443,1979,11,4,5.14,1.0514,,
444,1979,12,4,4.53,1.0453,2.397,139.7%
445,1980,1,4,7.21,1.0721,,
446,1980,2,5,5.35,1.0535,,
447,1980,3,5,5.8,1.058,,
448,1980,4,5,6.18,1.0618,,
449,1980,5,5,5.78,1.0578,,
450,1980,6,6,5.74,1.0574,,
451,1980,7,6,4.57,1.0457,,
452,1980,8,6,3.42,1.0342,,
453,1980,9,6,4.54,1.0454,,
454,1980,10,7,7.61,1.0761,,
455,1980,11,7,4.68,1.0468,,
456,1980,12,8,3.81,1.0381,1.876,87.6%
457,1981,1,8,4.9,1.049,,
458,1981,2,8,4.18,1.0418,,
459,1981,3,9,5.99,1.0599,,
460,1981,4,9,7.89,1.0789,,
461,1981,5,10,7.53,1.0753,,
462,1981,6,11,9.38,1.0938,,
463,1981,7,12,10.24,1.1024,,
464,1981,8,13,7.92,1.0792,,
465,1981,9,14,7.15,1.0715,,
466,1981,10,15,5.82,1.0582,,
467,1981,11,16,7.21,1.0721,,
468,1981,12,18,8.8,1.088,2.313,131.3%
469,1982,1,20,11.92,1.1192,,
470,1982,2,21,5.28,1.0528,,
471,1982,3,22,4.72,1.0472,,
472,1982,4,23,4.19,1.0419,,
473,1982,5,23,3.06,1.0306,,
474,1982,6,25,7.9,1.079,,
475,1982,7,29,16.26,1.1626,,
476,1982,8,33,14.69,1.1469,,
477,1982,9,39,17.07,1.1707,,
478,1982,10,44,12.69,1.1269,,
479,1982,11,49,11.35,1.1135,,
480,1982,12,54,10.62,1.1062,3.098,209.8%
481,1983,1,63,15.98,1.1598,,
482,1983,2,71,13.04,1.1304,,
483,1983,3,79,11.26,1.1126,,
484,1983,4,87,10.27,1.1027,,
485,1983,5,95,9.06,1.0906,,
486,1983,6,110,15.83,1.1583,,
487,1983,7,124,12.45,1.1245,,
488,1983,8,146,17.25,1.1725,,
489,1983,9,177,21.37,1.2137,,
490,1983,10,207,16.97,1.1697,,
491,1983,11,246,19.24,1.1924,,
492,1983,12,290,17.7,1.177,5.338,433.8%
493,1984,1,326,12.54,1.1254,,
494,1984,2,382,16.95,1.1695,,
495,1984,3,459,20.27,1.2027,,
496,1984,4,544,18.51,1.1851,,
497,1984,5,637,17.07,1.1707,,
498,1984,6,751,17.91,1.1791,,
499,1984,7,888,18.28,1.1828,,
500,1984,8,1.091.317,22.84,1.2284,,
501,1984,9,1.391.918,27.54,1.2754,,
502,1984,10,1.660.908,19.33,1.1933,,
503,1984,11,1.909.619,14.97,1.1497,,
504,1984,12,2.285.369,19.68,1.1968,7.879,687.9%
505,1985,1,2.859.880,25.14,1.2514,,
506,1985,2,3.451.837,20.7,1.207,,
507,1985,3,4.365.865,26.48,1.2648,,
508,1985,4,5.652.662,29.47,1.2947,,
509,1985,5,7.070.674,25.09,1.2509,,
510,1985,6,9.229.749,30.54,1.3054,,
511,1985,7,9.800.831,6.19,1.0619,,
512,1985,8,10.102.028,3.07,1.0307,,
513,1985,9,10.303.323,1.99,1.0199,,
514,1985,10,10.503.127,1.94,1.0194,,
515,1985,11,10.752.136,2.37,1.0237,,
516,1985,12,11.093.592,3.18,1.0318,4.855,385.5%
517,1986,1,11.429.084,3.02,1.0302,,
518,1986,2,11.622.924,1.7,1.017,,
519,1986,3,12.162.692,4.64,1.0464,,
520,1986,4,12.738.247,4.73,1.0473,,
521,1986,5,13.251.177,4.03,1.0403,,
522,1986,6,13.853.571,4.55,1.0455,,
523,1986,7,14.791.456,6.77,1.0677,,
524,1986,8,16.090.182,8.78,1.0878,,
525,1986,9,17.253.220,7.23,1.0723,,
526,1986,10,18.298.463,6.06,1.0606,,
527,1986,11,19.267.661,5.3,1.053,,
528,1986,12,20.180.198,4.74,1.0474,1.819,81.9%
529,1987,1,21.710.041,7.58,1.0758,,
530,1987,2,23.111.650,6.46,1.0646,,
531,1987,3,25.020.225,8.26,1.0826,,
532,1987,4,25.855.227,3.34,1.0334,,
533,1987,5,26.928.800,4.15,1.0415,,
534,1987,6,29.090.858,8.03,1.0803,,
535,1987,7,32.028.274,10.1,1.101,,
536,1987,8,36.426.943,13.73,1.1373,,
537,1987,9,40.676.505,11.67,1.1167,,
538,1987,10,48.638.841,19.57,1.1957,,
539,1987,11,53.633.940,10.27,1.1027,,
540,1987,12,55.453.050,3.39,1.0339,2.748,174.8%
541,1988,1,60.492.881,9.09,1.0909,,
542,1988,2,66.800.125,10.43,1.1043,,
543,1988,3,76.656.126,14.75,1.1475,,
544,1988,4,89.867.043,17.23,1.1723,,
545,1988,5,103.987.516,15.71,1.1571,,
546,1988,6,122.670.676,17.97,1.1797,,
547,1988,7,154.132.342,25.65,1.2565,,
548,1988,8,196.702.511,27.62,1.2762,,
549,1988,9,219.709.786,11.7,1.117,,
550,1988,10,239.466.520,8.99,1.0899,,
551,1988,11,253.139.670,5.71,1.0571,,
552,1988,12,270.465.953,6.84,1.0684,4.877,387.7%
553,1989,1,294.591.533,8.92,1.0892,,
554,1989,2,322.847.390,9.59,1.0959,,
555,1989,3,377.748.743,17.01,1.1701,,
556,1989,4,503.804.157,33.37,1.3337,,
557,1989,5,899.132.665,78.47,1.7847,,
558,1989,6,1.928.391,114.47,2.1447,,
559,1989,7,5.720.268,196.63,2.9663,,
560,1989,8,7.886.038,37.86,1.3786,,
561,1989,9,8.623.807,9.36,1.0936,,
562,1989,10,9.106.333,5.6,1.056,,
563,1989,11,9.699.975,6.52,1.0652,,
564,1989,12,13.587.041,40.07,1.4007,50.239,4923.9%
565,1990,1,24.348.646,79.2,1.792,,
566,1990,2,39.340.204,61.57,1.6157,,
567,1990,3,76.920.195,95.53,1.9553,,
568,1990,4,85.668.029,11.37,1.1137,,
569,1990,5,97.325.247,13.61,1.1361,,
570,1990,6,1.108.514,13.9,1.139,,
571,1990,7,1.228.515,10.83,1.1083,,
572,1990,8,1.416.941,15.34,1.1534,,
573,1990,9,1.639.080,15.68,1.1568,,
574,1990,10,1.765.132,7.69,1.0769,,
575,1990,11,1.874.228,6.18,1.0618,,
576,1990,12,1.961.872,4.68,1.0468,14.441,1344.1%
577,1991,1,2.112.910,7.7,1.077,,
578,1991,2,2.683.193,26.99,1.2699,,
579,1991,3,2.979.479,11.04,1.1104,,
580,1991,4,3.143.665,5.51,1.0551,,
581,1991,5,3.231.829,2.8,1.028,,
582,1991,6,3.332.783,3.12,1.0312,,
583,1991,7,3.419.136,2.59,1.0259,,
584,1991,8,3.463.615,1.3,1.013,,
585,1991,9,3.524.798,1.77,1.0177,,
586,1991,10,3.572.411,1.35,1.0135,,
587,1991,11,3.586.305,0.39,1.0039,,
588,1991,12,3.609.588,0.65,1.0065,1.840,84.0%
589,1992,1,3.719.415,3.04,1.0304,,
590,1992,2,3.799.533,2.15,1.0215,,
591,1992,3,3.879.308,2.1,1.021,,
592,1992,4,3.929.225,1.29,1.0129,,
593,1992,5,3.955.671,0.67,1.0067,,
594,1992,6,3.986.687,0.78,1.0078,,
595,1992,7,4.055.609,1.73,1.0173,,
596,1992,8,4.116.307,1.5,1.015,,
597,1992,9,4.158.859,1.03,1.0103,,
598,1992,10,4.211.506,1.27,1.0127,,
599,1992,11,4.230.919,0.46,1.0046,,
600,1992,12,4.242.922,0.28,1.0028,1.175,17.5%
601,1993,1,4.278.239,0.83,1.0083,,
602,1993,2,4.309.489,0.73,1.0073,,
603,1993,3,4.341.890,0.75,1.0075,,
604,1993,4,4.387.277,1.05,1.0105,,
605,1993,5,4.443.722,1.29,1.0129,,
606,1993,6,4.475.686,0.72,1.0072,,
607,1993,7,4.490.084,0.32,1.0032,,
608,1993,8,4.490.804,0.02,1.0002,,
609,1993,9,4.527.812,0.82,1.0082,,
610,1993,10,4.553.407,0.57,1.0057,,
611,1993,11,4.556.010,0.06,1.0006,,
612,1993,12,4.555.412,-0.01,0.9999,1.074,7.4%
613,1994,1,4.559.999,0.1,1.001,,
614,1994,2,4.559.838,0,1,,
615,1994,3,4.566.194,0.14,1.0014,,
616,1994,4,4.577.309,0.24,1.0024,,
617,1994,5,4.593.174,0.35,1.0035,,
618,1994,6,4.610.949,0.39,1.0039,,
619,1994,7,4.653.519,0.92,1.0092,,
620,1994,8,4.663.120,0.21,1.0021,,
621,1994,9,4.695.035,0.68,1.0068,,
622,1994,10,4.710.080,0.32,1.0032,,
623,1994,11,4.720.729,0.23,1.0023,,
624,1994,12,4.730.995,0.22,1.0022,1.039,3.9%
625,1995,1,4.789.942,1.25,1.0125,,
626,1995,2,4.789.811,0,1,,
627,1995,3,4.768.291,-0.45,0.9955,,
628,1995,4,4.790.098,0.46,1.0046,,
629,1995,5,4.791.105,0.02,1.0002,,
630,1995,6,4.781.238,-0.21,0.9979,,
631,1995,7,4.800.636,0.41,1.0041,,
632,1995,8,4.789.002,-0.24,0.9976,,
633,1995,9,4.796.877,0.16,1.0016,,
634,1995,10,4.813.185,0.34,1.0034,,
635,1995,11,4.802.191,-0.23,0.9977,,
636,1995,12,4.807.058,0.1,1.001,1.016,1.6%
637,1996,1,4.821.469,0.3,1.003,,
638,1996,2,4.805.801,-0.32,0.9968,,
639,1996,3,4.779.874,-0.54,0.9946,,
640,1996,4,4.779.947,0,1,,
641,1996,5,4.775.684,-0.09,0.9991,,
642,1996,6,4.775.808,0,1,,
643,1996,7,4.801.702,0.54,1.0054,,
644,1996,8,4.797.983,-0.08,0.9992,,
645,1996,9,4.806.695,0.18,1.0018,,
646,1996,10,4.830.925,0.5,1.005,,
647,1996,11,4.823.422,-0.16,0.9984,,
648,1996,12,4.809.669,-0.29,0.9971,1.000,0.0%
649,1997,1,4.832.133,0.47,1.0047,,
650,1997,2,4.850.713,0.38,1.0038,,
651,1997,3,4.826.801,-0.49,0.9951,,
652,1997,4,4.810.848,-0.33,0.9967,,
653,1997,5,4.806.856,-0.08,0.9992,,
654,1997,6,4.817.801,0.23,1.0023,,
655,1997,7,4.828.507,0.22,1.0022,,
656,1997,8,4.836.453,0.16,1.0016,,
657,1997,9,4.834.137,-0.05,0.9995,,
658,1997,10,4.826.564,-0.16,0.9984,,
659,1997,11,4.817.236,-0.19,0.9981,,
660,1997,12,4.825.444,0.17,1.0017,1.003,0.3%
661,1998,1,4.855.776,0.63,1.0063,,
662,1998,2,4.872.707,0.35,1.0035,,
663,1998,3,4.866.586,-0.13,0.9987,,
664,1998,4,4.867.135,0.01,1.0001,,
665,1998,5,4.863.620,-0.07,0.9993,,
666,1998,6,4.872.905,0.19,1.0019,,
667,1998,7,4.888.135,0.31,1.0031,,
668,1998,8,4.889.122,0.02,1.0002,,
669,1998,9,4.887.610,-0.03,0.9997,,
670,1998,10,4.869.729,-0.37,0.9963,,
671,1998,11,4.858.166,-0.24,0.9976,,
672,1998,12,4.857.508,-0.01,0.9999,1.007,0.7%
673,1999,1,4.880.407,0.47,1.0047,,
674,1999,2,4.872.567,-0.16,0.9984,,
675,1999,3,4.835.983,-0.75,0.9925,,
676,1999,4,4.831.247,-0.1,0.999,,
677,1999,5,4.807.460,-0.49,0.9951,,
678,1999,6,4.807.168,-0.01,0.9999,,
679,1999,7,4.816.103,0.19,1.0019,,
680,1999,8,4.797.974,-0.38,0.9962,,
681,1999,9,4.788.415,-0.2,0.998,,
682,1999,10,4.787.666,-0.02,0.9998,,
683,1999,11,4.772.533,-0.32,0.9968,,
684,1999,12,4.769.565,-0.06,0.9994,0.982,-1.8%
685,2000,1,4.809.879,0.85,1.0085,,
686,2000,2,4.810.076,0,1,,
687,2000,3,4.784.662,-0.53,0.9947,,
688,2000,4,4.779.282,-0.11,0.9989,,
689,2000,5,4.760.705,-0.39,0.9961,,
690,2000,6,4.751.903,-0.18,0.9982,,
691,2000,7,4.772.541,0.43,1.0043,,
692,2000,8,4.762.273,-0.22,0.9978,,
693,2000,9,4.754.960,-0.15,0.9985,,
694,2000,10,4.763.481,0.18,1.0018,,
695,2000,11,4.740.065,-0.49,0.9951,,
696,2000,12,4.734.766,-0.11,0.9989,0.993,-0.7%
697,2001,1,4.738.574,0.08,1.0008,,
698,2001,2,4.727.780,-0.23,0.9977,,
699,2001,3,4.736.788,0.19,1.0019,,
700,2001,4,4.768.451,0.67,1.0067,,
701,2001,5,4.771.537,0.06,1.0006,,
702,2001,6,4.737.121,-0.72,0.9928,,
703,2001,7,4.721.627,-0.33,0.9967,,
704,2001,8,4.704.740,-0.36,0.9964,,
705,2001,9,4.701.178,-0.08,0.9992,,
706,2001,10,4.680.438,-0.44,0.9956,,
707,2001,11,4.665.088,-0.33,0.9967,,
708,2001,12,4.661.541,-0.08,0.9992,0.984,-1.6%
709,2002,1,4.768.412,2.29,1.0229,,
710,2002,2,4.918.163,3.14,1.0314,,
711,2002,3,511,3.96,1.0396,,
712,2002,4,564,10.39,1.1039,,
713,2002,5,587,4.01,1.0401,,
714,2002,6,608,3.62,1.0362,,
715,2002,7,628,3.19,1.0319,,
716,2002,8,642,2.34,1.0234,,
717,2002,9,651,1.35,1.0135,,
718,2002,10,652,0.22,1.0022,,
719,2002,11,656,0.51,1.0051,,
720,2002,12,657,0.19,1.0019,1.410,41.0%
721,2003,1,666,1.32,1.0132,,
722,2003,2,669,0.57,1.0057,,
723,2003,3,673,0.58,1.0058,,
724,2003,4,674,0.06,1.0006,,
725,2003,5,671,-0.38,0.9962,,
726,2003,6,671,-0.09,0.9991,,
727,2003,7,674,0.44,1.0044,,
728,2003,8,674,0.02,1.0002,,
729,2003,9,674,0.04,1.0004,,
730,2003,10,678,0.59,1.0059,,
731,2003,11,680,0.25,1.0025,,
732,2003,12,681,0.21,1.0021,1.037,3.7%
733,2004,1,684,0.42,1.0042,,
734,2004,2,685,0.1,1.001,,
735,2004,3,689,0.59,1.0059,,
736,2004,4,695,0.86,1.0086,,
737,2004,5,700,0.73,1.0073,,
738,2004,6,704,0.57,1.0057,,
739,2004,7,707,0.46,1.0046,,
740,2004,8,709,0.34,1.0034,,
741,2004,9,714,0.63,1.0063,,
742,2004,10,717,0.4,1.004,,
743,2004,11,717,0,1,,
744,2004,12,723,0.84,1.0084,1.061,6.1%
745,2005,1,733,1.49,1.0149,,
746,2005,2,740,0.95,1.0095,,
747,2005,3,752,1.55,1.0155,,
748,2005,4,755,0.49,1.0049,,
749,2005,5,760,0.6,1.006,,
750,2005,6,767,0.92,1.0092,,
751,2005,7,775,1,1.01,,
752,2005,8,778,0.44,1.0044,,
753,2005,9,787,1.16,1.0116,,
754,2005,10,793,0.78,1.0078,,
755,2005,11,803,1.21,1.0121,,
756,2005,12,812,1.11,1.0111,1.123,12.3%
757,2006,1,822,1.28,1.0128,,
758,2006,2,825,0.4,1.004,,
759,2006,3,835,1.21,1.0121,,
760,2006,4,843,0.97,1.0097,,
761,2006,5,847,0.47,1.0047,,
762,2006,6,851,0.48,1.0048,,
763,2006,7,857,0.62,1.0062,,
764,2006,8,862,0.56,1.0056,,
765,2006,9,869,0.9,1.009,,
766,2006,10,877,0.86,1.0086,,
767,2006,11,883,0.71,1.0071,,
768,2006,12,892,0.98,1.0098,1.099,9.9%
769,2007,1,902,1.14,1.0114,,
770,2007,2,904,0.3,1.003,,
771,2007,3,911,0.77,1.0077,,
772,2007,4,918,0.74,1.0074,,
773,2007,5,922,0.42,1.0042,,
774,2007,6,926,0.44,1.0044,,
775,2007,7,931,0.5,1.005,,
776,2007,8,936,0.59,1.0059,,
777,2007,9,944,0.8,1.008,,
778,2007,10,950,0.68,1.0068,,
779,2007,11,958,0.85,1.0085,,
780,2007,12,967,0.93,1.0093,1.085,8.5%
781,2008,1,976,0.93,1.0093,,
782,2008,2,981,0.47,1.0047,,
783,2008,3,992,1.13,1.0113,,
784,2008,4,100,0.83,1.0083,,
785,2008,5,100.56,0.56,1.0056,,
786,2008,6,101.2,0.64,1.0064,,
787,2008,7,101.57,0.37,1.0037,,
788,2008,8,102.05,0.47,1.0047,,
789,2008,9,102.57,0.51,1.0051,,
790,2008,10,103.01,0.43,1.0043,,
791,2008,11,103.36,0.34,1.0034,,
792,2008,12,103.71,0.34,1.0034,1.072,7.2%
793,2009,1,104.26,0.53,1.0053,,
794,2009,2,104.71,0.43,1.0043,,
795,2009,3,105.38,0.64,1.0064,,
796,2009,4,105.73,0.33,1.0033,,
797,2009,5,106.08,0.33,1.0033,,
798,2009,6,106.53,0.42,1.0042,,
799,2009,7,107.19,0.62,1.0062,,
800,2009,8,108.08,0.83,1.0083,,
801,2009,9,108.88,0.74,1.0074,,
802,2009,10,109.75,0.8,1.008,,
803,2009,11,110.66,0.83,1.0083,,
804,2009,12,111.69,0.93,1.0093,1.077,7.7%
805,2010,1,112.85,1.04,1.0104,,
806,2010,2,114.26,1.25,1.0125,,
807,2010,3,115.56,1.14,1.0114,,
808,2010,4,116.52,0.83,1.0083,,
809,2010,5,117.39,0.75,1.0075,,
810,2010,6,118.25,0.73,1.0073,,
811,2010,7,119.2,0.8,1.008,,
812,2010,8,120.08,0.74,1.0074,,
813,2010,9,120.95,0.72,1.0072,,
814,2010,10,121.97,0.84,1.0084,,
815,2010,11,122.86,0.73,1.0073,,
816,2010,12,123.89,0.84,1.0084,1.109,10.9%
817,2011,1,124.79,0.73,1.0073,,
818,2011,2,125.71,0.74,1.0074,,
819,2011,3,126.77,0.84,1.0084,,
820,2011,4,127.83,0.84,1.0084,,
821,2011,5,128.77,0.74,1.0074,,
822,2011,6,129.69,0.71,1.0071,,
823,2011,7,130.72,0.79,1.0079,,
824,2011,8,131.81,0.83,1.0083,,
825,2011,9,132.91,0.83,1.0083,,
826,2011,10,133.75,0.63,1.0063,,
827,2011,11,134.54,0.59,1.0059,,
828,2011,12,135.67,0.84,1.0084,1.095,9.5%
829,2012,1,136.91,0.91,1.0091,,
830,2012,2,137.92,0.74,1.0074,,
831,2012,3,139.21,0.94,1.0094,,
832,2012,4,140.37,0.83,1.0083,,
833,2012,5,141.51,0.81,1.0081,,
834,2012,6,142.53,0.72,1.0072,,
835,2012,7,143.66,0.79,1.0079,,
836,2012,8,144.94,0.89,1.0089,,
837,2012,9,146.22,0.88,1.0088,,
838,2012,10,147.45,0.84,1.0084,,
839,2012,11,148.83,0.94,1.0094,,
840,2012,12,150.38,1.04,1.0104,1.108,10.8%
841,2013,1,152.09,1.14,1.0114,,
842,2013,2,152.84,0.49,1.0049,,
843,2013,3,153.95,0.73,1.0073,,
844,2013,4,155.07,0.73,1.0073,,
845,2013,5,156.14,0.69,1.0069,,
846,2013,6,157.44,0.83,1.0083,,
847,2013,7,158.9,0.93,1.0093,,
848,2013,8,160.23,0.84,1.0084,,
849,2013,9,161.56,0.83,1.0083,,
850,2013,10,163,0.89,1.0089,,
851,2013,11,164.51,0.93,1.0093,,
852,2013,12,166.84,1.42,1.0142,1.110,11.0%
853,2014,1,94.84,,1,,
854,2014,2,98.08,3.24,1.0324,,
855,2014,3,100.62,2.54,1.0254,,
856,2014,4,102.42,1.8,1.018,,
857,2014,5,103.89,1.47,1.0147,,
858,2014,6,105.24,1.35,1.0135,,
859,2014,7,106.74,1.5,1.015,,
860,2014,8,108.16,1.42,1.0142,,
861,2014,9,109.65,1.49,1.0149,,
862,2014,10,111.01,1.36,1.0136,,
863,2014,11,112.26,1.25,1.0125,,
864,2014,12,113.38,1.12,1.0112,1.202,20.2%
865,2015,1,114.66,1.28,1.0128,,
866,2015,2,115.73,1.07,1.0107,,
867,2015,3,117.26,1.53,1.0153,,
868,2015,4,118.6,1.34,1.0134,,
869,2015,5,119.82,1.22,1.0122,,
870,2015,6,120.98,1.16,1.0116,,
871,2015,7,122.59,1.61,1.0161,,
872,2015,8,124.03,1.44,1.0144,,
873,2015,9,125.49,1.46,1.0146,,
874,2015,10,126.88,1.39,1.0139,,
875,2015,11,Null,Null,Null,,
876,2015,12,Null,Null,Null,1.143,14.3%
877,2016,1,Null,Null,Null,,
878,2016,2,Null,Null,Null,,
879,2016,3,Null,Null,Null,,
880,2016,4,Null,Null,Null,,
881,2016,5,Null,Null,Null,,
882,2016,6,Null,Null,Null,,
883,2016,7,Null,Null,Null,,
884,2016,8,Null,Null,Null,,
885,2016,9,Null,Null,Null,,
886,2016,10,Null,Null,Null,,
887,2016,11,Null,Null,Null,,
888,2016,12,Null,Null,Null,0.000,-100.0%
889,2017,1,,1.6,1.016,,
890,2017,2,,2.1,1.021,,
891,2017,3,,2.4,1.024,,
892,2017,4,,2.7,1.027,,
893,2017,5,,1.4,1.014,,
894,2017,6,,1.2,1.012,,
895,2017,7,,1.7,1.017,,
896,2017,8,,1.4,1.014,,
897,2017,9,,1.9,1.019,,
898,2017,10,,1.5,1.015,,
899,2017,11,,1.4,1.014,,
900,2017,12,,3.1,1.031,1.248,24.8%
901,2018,1,,1.8,1.018,,
902,2018,2,,2.4,1.024,,
903,2018,3,,2.3,1.023,,
904,2018,4,,2.7,1.027,,
905,2018,5,,2.1,1.021,,
906,2018,6,,3.7,1.037,,
907,2018,7,,3.1,1.031,,
908,2018,8,,3.9,1.039,,
909,2018,9,,6.5,1.065,,
910,2018,10,,5.4,1.054,,
911,2018,11,,3.2,1.032,,
912,2018,12,,2.6,1.026,1.476,47.6%
913,2019,1,,2.9,1.029,,
914,2019,2,,3.8,1.038,,
915,2019,3,,4.7,1.047,,
916,2019,4,,3.4,1.034,,
917,2019,5,,3.1,1.031,,
918,2019,6,,2.7,1.027,,
919,2019,7,,2.2,1.022,,
920,2019,8,,4,1.04,,
921,2019,9,,5.9,1.059,,
922,2019,10,,3.3,1.033,,
923,2019,11,,4.3,1.043,,
924,2019,12,,3.7,1.037,1.540,54.0%
925,2020,1,,2.3,1.023,,
926,2020,2,,2,1.02,,
927,2020,3,,3.3,1.033,,
928,2020,4,,1.5,1.015,,
929,2020,5,,1.5,1.015,,
930,2020,6,,2.2,1.022,,
931,2020,7,,1.9,1.019,,
932,2020,8,,2.7,1.027,,
933,2020,9,,2.8,1.028,,
934,2020,10,,3.8,1.038,,
935,2020,11,,3.2,1.032,,
936,2020,12,,4,1.04,1.360,36.0%
937,2021,1,,4,1.04,,
938,2021,2,,3.6,1.036,,
939,2021,3,,4.8,1.048,,
940,2021,4,,4.1,1.041,,
941,2021,5,,3.3,1.033,,
942,2021,6,,3.2,1.032,,
943,2021,7,,3,1.03,,
944,2021,8,,2.5,1.025,,
945,2021,9,,3.5,1.035,,
946,2021,10,,3.5,1.035,,
947,2021,11,,2.5,1.025,,
948,2021,12,,3.8,1.038,1.508,50.8%
949,2022,1,,3.9,1.039,,
950,2022,2,,4.7,1.047,,
951,2022,3,,6.7,1.067,,
952,2022,4,,6,1.06,,
953,2022,5,,5.1,1.051,,
954,2022,6,,5.3,1.053,,
955,2022,7,,7.4,1.074,,
956,2022,8,,7,1.07,,
957,2022,9,,6.2,1.062,,
958,2022,10,,6.3,1.063,,
959,2022,11,,4.9,1.049,,
960,2022,12,,5.1,1.051,1.948,94.8%
961,2023,1,,6,1.06,,
962,2023,2,,6.6,1.066,,
963,2023,3,,7.7,1.077,,
964,2023,4,,8.4,1.084,,
965,2023,5,,7.8,1.078,,
966,2023,6,,6,1.06,,
967,2023,7,,6.3,1.063,,
968,2023,8,,12.4,1.124,,
969,2023,9,,12.7,1.127,,
970,2023,10,,8.3,1.083,,
971,2023,11,,12.8,1.128,,
972,2023,12,,25.5,1.255,3.112,211.2%
973,2024,1,,20.6,1.206,,
974,2024,2,,13.2,1.132,3.760,276.0%
975,2024,3,,11,,,
976,2024,4,,,,,
